Number of Customers, 4
Number of Depots, 2
Depot-1 ,0.141421,1.104536,0.905539,1.421267,
Depot-2 ,1.118034,1.360147,0.223607,0.806226,
